,Show_Number,Air_Date,Round,Category,Value,Question,Answer
4888,3331,2/15/99,Double Jeopardy!,OFF WITH THEIR HEADS!,$200 ,The first wife of Henry VIII to get the axe,Anne Boleyn
185868,6285,1/6/12,Double Jeopardy!,GAME DESCRIPTIONS,$400 ,Send a one-hopper home to get the guy who tagged up; shoot it around the horn,baseball
214845,4222,12/31/02,Jeopardy!,THE 7 WONDERS,$200 ,We sort of know what the Statue of Zeus looked like because it was reproduced on these of the realm,coins
32214,5568,11/19/08,Double Jeopardy!,THE HILLS,"$1,600 ","The Sand Hills Region is mostly in this state, north of the Platte River",Nebraska
177959,607,4/7/87,Double Jeopardy!,CONDUCTORS,$600 ,"The <a href=""http://www.j-archive.com/media/1987-04-07_DJ_28.mp3"">following</a> was early '60s pop hit for this 3-time Oscar winner, now a renowned conductor:",AndrÌ© Previn
115357,4855,10/21/05,Double Jeopardy!,SPORTS U.S.A.,"$1,200 ","(<a href=""http://www.j-archive.com/media/2005-10-21_DJ_28.jpg"" target=""_blank"">Jon of the Clue Crew sports Boston ball club paraphernalia.</a>)  I'm a proud citizen of this, a phrase popularized and used in a book subtitle by sportswriter Dan Shaughnessy",the Red Sox Nation
84757,1221,12/18/89,Jeopardy!,SIGNS & SYMBOLS,$100 ,"Batman's partner, Robin, has this symbol on his shirt",R
2748,3815,3/16/01,Jeopardy!,CELEBRITY RHYME TIME,$100 ,Aykroyd's blueprints,Dan's plans
69770,5820,12/25/09,Jeopardy!,COCOA CHANNEL,$400 ,Nestle sells a hot cocoa mix featuring mini these to put on top,marshmallows
89690,5390,2/1/08,Double Jeopardy!,MEDICAL SCHOOL,$400 ,This renowned Minnesota institution opened its own med school in 1972,the Mayo Clinic
166313,3330,2/12/99,Double Jeopardy!,VALUES,$200 ,13 loaves or buns,Baker's dozen
120928,5786,11/9/09,Double Jeopardy!,VIDEO GAMES,"$1,200 ","""Hottest Party"" is an installment in the Wii game called this ""Revolution""",Dance Dance
169510,5776,10/26/09,Double Jeopardy!,I THINK I LOVE HUGH,$400 ,"This magazine man, born in 1926, claims to be a direct descendent of Puritan patriarchs John Winthrop & William Bradford",Hugh Hefner
50261,1285,3/16/90,Double Jeopardy!,THEATER,"$1,000 ","The characters in his play ""Hay Fever"" were inspired by actress Laurette Taylor & her family",Noel Coward
36734,2579,11/16/95,Double Jeopardy!,ECONOMICS,$600 ,2-word economic phrase that describes the period of U.S. history from 1929-1939,Great Depression
8684,3682,9/12/00,Jeopardy!,THE HOLLYWOOD STOCK EXCHANGE,$500 ,"At $4,147 a share, this star of ""Firestarter"" is one of the highest-valued actresses listed on HSX",Drew Barrymore
11613,4950,3/3/06,Jeopardy!,CLASSIC SPORTS COMMERCIALS,$400 ,"Yao, Yogi & ""yo"" all played a part in an ad for this credit card company",Visa
48264,3692,9/26/00,Double Jeopardy!,FAMOUS NICKNAMES,$200 ,"""The Lord of San Simeon""",William Randolph Hearst
63408,3123,3/11/98,Double Jeopardy!,KIDDY LIT,$200 ,"In a Grimm tale, grim indeed, she pushed a witch into an oven",Gretel
143743,3341,3/1/99,Double Jeopardy!,SHAKESPEARE IN LOVE,"$1,000 ","The first line of this comedy is ""If music be the food of love, play on""",Twelfth Night
142313,4742,3/29/05,Double Jeopardy!,"""MISSION"" POSSIBLE","$1,600 ","This Southern California city of 90,000 is found in Orange County",Mission Viejo
96012,3917,9/18/01,Jeopardy!,EMOTIONS,$200 ,"(<a href=""http://www.j-archive.com/media/2001-09-18_J_07.jpg"" target=""_blank"">Dr. Joyce Brothers delivers the clue.</a>)  Just because your man flirts with an attractive blonde at a party, don't give in to this emotion--he's probably just circulating",jealousy
53666,5138,1/3/07,Double Jeopardy!,R.C.,"$4,000 ",This Texan was LBJ's Attorney General from 1967 to 1969,Ramsey Clark
104291,5325,11/2/07,Double Jeopardy!,_____ AND _____ MOVIES,"$1,600 ","The czar-studded cast of this 1971 epic includes Tom Baker (of ""Doctor Who"" fame) as Rasputin",Nicholas & Alexandra
154072,3337,2/23/99,Double Jeopardy!,EVEN YOUNGER THAN YOU,"$1,000 ","His first published work, a sonata for keyboard, appeared in Paris around the time of his eighth birthday",Wolfgang A. Mozart
11644,4950,3/3/06,Double Jeopardy!,NATURAL BORN KILTERS,$800 ,"Kirriemuir, Scotland must have seemed like Neverland to this author born there in 1860",(James) Barrie
83711,3270,11/20/98,Double Jeopardy!,FILMS OF THE 1980s,$600 ,"In a 1985 spy movie, Timothy Hutton was ""The Falcon"" & Sean Penn was this cohort",the Snowman
97757,5407,2/26/08,Double Jeopardy!,OLD MAJOR,"$1,600 ","Princeton's website says ""For all intents and purposes"" it became (temp.) this kind of college in 1918",military
145950,5388,1/30/08,Final Jeopardy!,NOTABLE WOMEN,,"Denied a college education in her own country, in 1903 she became the first woman in France to earn her doctorate",Marie Curie
1238,1302,4/10/90,Double Jeopardy!,AUTHORS,$800 ,"An eye ailment contracted at Eton School ended his plans to study biology, like his brother Julian",Aldous Huxley
187892,3849,5/3/01,Jeopardy!,ZOOLOGY,$300 ,The basket type of this undersea animal seen here probably isn't the kind you have in your bathtub,sponge
162999,5532,9/30/08,Double Jeopardy!,MEDICINE & HISTORY,"$1,200 ","In 1996 Michael DeBakey advised this Russian to have a bypass, prolonging his presidency & life",Yeltsin
212472,3369,4/8/99,Jeopardy!,REGIS PHILBIN'S NY,$500 ,"This man hit a harmless single here (Yankee Stadium) on May 15, 1941 & he wasn't held hitless in a game until July 17",Joe DiMaggio
118638,5040,7/7/06,Jeopardy!,MUHAMMAD ALI'S GREATEST HITS,"$1,000 ",This man whose son played LB for the 49ers broke Ali's jaw in the 12th round (or possibly the first) of their '73 fight,Ken Norton
131949,3841,4/23/01,Double Jeopardy!,CINEMATIC TITLE PAIRS,$800 ,"1985: ""....and the Snowman""",The Falcon
215102,6036,12/6/10,Jeopardy!,RACCOONS,$800 ,"A small type of raccoon with a light coat is found only on Cozumel, an island off this peninsula",the YucatÌÁn peninsula
40955,4829,9/15/05,Double Jeopardy!,DICKENS HEARS FROM HOLLYWOOD,$800 ,"More orphans?! & this book's start, ""My father's family name being Pirrip""... not exactly ""Call me Ishmael"", Chuck!",Great Expectations
76367,6211,9/26/11,Double Jeopardy!,NOTIONS,$400 ,"Collectors of these proverbially ""cute"" items from the notions counter should get a copy of ""The Big Book of"" them",buttons
139974,5615,1/23/09,Jeopardy!,PRODUCTS,$800 ,This product originated in work on plastic gunsights; it first wasn't practical because it stuck to everything,superglue or Krazy Glue
12164,2778,10/2/96,Double Jeopardy!,GOVERNMENT & POLITICS,$400 ,"Postage stamps are printed by the Bureau of Engraving & Printing, a division of this cabinet dept.",the Treasury
133607,5413,3/5/08,Double Jeopardy!,AND SIX,"$1,200 ","This conflict began June 5, 1967 & ended shortly thereafter",the Six Days' War
132071,5247,6/5/07,Double Jeopardy!,MYTHOLOGY,"$1,600 ",These heavenly twins were said to have helped the Romans defeat warring Latin tribes at Lake Regillus in 496 B.C.,Castor & Pollux
150206,5417,3/11/08,Double Jeopardy!,STATE THE STATE,$800 ,"2 of the 4 states whose borders meet up at the ""Four Corners"" monument",(2 of) Colorado & New Mexico (or  Arizona & Utah)
50018,5499,7/3/08,Double Jeopardy!,ISLANDS OF THE SOUTH PACIFIC,"$1,600 ",Legend says that the god Maui threw a fishhook into the sea from Samoa & brought up this current island kingdom,Tonga
161690,4678,12/29/04,Jeopardy!,OFFICIAL STATE STUFF,$600 ,"South Carolina's state tree, it's also in the state's nickname",the palmetto
213802,4602,9/14/04,Double Jeopardy!,RHYME TIME,$800 ,"In ""Through the Looking Glass"" he tells Alice his horse has anklets to guard against shark bites",the White Knight
162898,4457,1/13/04,Jeopardy!,A McCATEGORY,$200 ,"New in dictionaries, it's low-paying employment with no hope of advancement",McJob
108405,5160,2/2/07,Jeopardy!,DOORS SONGS IN OTHER WORDS,"$1,000 ","""Make Contact With Moi""","""Touch Me"""
11364,3795,2/16/01,Double Jeopardy!,GOING TO A BETTER PLACE,"$1,000 ","The land of heroes to King Arthur, it was the Island of the Blessed in Celtic myth",Avalon
35998,6297,1/24/12,Jeopardy!,"LET'S TAKE A ""TRIP""","$1,000 ","This adverb sounds like it means clumsily, but it means the opposite in phrases like ""flows"" this way ""from the tongue""",trippingly
207060,3592,3/28/00,Jeopardy!,THE BRONZE AGE,$500 ,"Pulp hero Doc who was ""The Man of Bronze""",Doc Savage
196881,1286,3/19/90,Double Jeopardy!,U.S. LANDMARKS,"$1,000 ",The historic First & Second Banks of the U.S. are one block apart in this city,Philadelphia
15707,3396,5/17/99,Jeopardy!,"CHARMED, I'M SURE",$300 ,"Dr. Leo Buscaglia aside, Miss Manners says a gentleman shouldn't kiss or do this to a lady when first meeting",hug her
9105,4160,10/4/02,Jeopardy!,LITERARY FIRST LINES,"$1,000 ","1973: ""There were 117 psychoanalysts on the Pan Am flight to Vienna and I'd been treated by at least six of them""","""Fear of Flying"""
105470,5493,6/25/08,Jeopardy!,MOVIE TITLE NAMES,"$1,000 ",2008: Rich kid Anton Yelchin acts as a psychiatrist to his peers at his new school,Charlie Bartlett
107379,3468,10/6/99,Double Jeopardy!,WHICH CAME FIRST?,"$1,000 ","Leonardo's ""Mona Lisa"", ""Last Supper"", ""The Adoration of the Magi""","""The Adoration of the Magi"""
137905,2974,7/3/97,Double Jeopardy!,HISTORIC GEOGRAPHY,$800 ,Xerxes built a bridge of boats across it to invade Greece; Leander could have walked,Hellespont
50912,6203,7/27/11,Double Jeopardy!,LAWS,"$1,600 ",Many of us have felt the effects of Parkinson's law: this expands to fill the time allotted for it,work
30032,5111,11/27/06,Jeopardy!,GUINNESS WORLD RECORDS,$800 ,"Appropriate 10 letter nickname of David Smith Sr. shown <a href=""http://www.j-archive.com/media/2006-11-27_J_20.jpg"" target=""_blank"">here</a>.  He has travelled a record 185 ft., 10 in.",the Human Cannonball
99104,5027,6/20/06,Double Jeopardy!,CHEMISTRY,$400 ,"1,6-diaminohexane & hexanedioic acid mix to make this polymer popular in stockings",nylon
107313,3354,3/18/99,Double Jeopardy!,EAT A GREEN THING,$800 ,"The name of this herb that is used mainly as a decoration on meat dishes comes from the Greek for ""rock celery""",Parsley
203444,4800,6/17/05,Jeopardy!,PACKAGING,$600 ,Whitman's was the 1st company to put a guide on the inside lid of this type of package to which Mr. Gump compared life,(a box of) chocolates
127221,5732,7/7/09,Jeopardy!,BACK TO BUSINESS,$800 ,No-contract & pay as you go plans are selling points of this cell phone company started by Sir Richard Branson,Virgin Mobile
83998,6212,9/27/11,Double Jeopardy!,CELEBRITIES' FAVORITE MOVIES,$400 ,"(<a href=""http://www.j-archive.com/media/2011-09-27_DJ_03.jpg"" target=""_blank"">I'm Michael McKean.</a>) A favorite film of mine is this Hitchcock classic in which a man tells Cary Grant, ""That plane's dustin' crops where there ain't no crops""",North by Northwest
148732,2620,1/12/96,Double Jeopardy!,U.S. HISTORY,$200 ,"Capt. Charles D. Sigsbee was in command of this ship when it blew up February 15, 1898",The Maine
204086,3535,1/7/00,Double Jeopardy!,THE NATIONAL INVENTORS HALL OF FAME,"$1,000 ",He got a lift when installed in 1988 for the brake he invented for a hoisting apparatus,Elisha Otis
50956,6158,5/25/11,Double Jeopardy!,NFL TEAM MASCOTS,$400 ,A Minuteman named Pat,the Patriots
30841,6016,11/8/10,Double Jeopardy!,POP CULTURE,"$1,600 ","""Dear John"" & ""The Last Song"" are among his bestsellers that have been turned into films",Nicholas Sparks
172097,3803,2/28/01,Double Jeopardy!,"""Z""EOGRAPHY",$200 ,In the 1800s this island off the east coast of Africa was an Omani sultanate,Zanzibar
172979,5338,11/21/07,Jeopardy!,STATES & TERRITORIES OF AUSTRALIA,"$1,200 ",The one state named for a man,Tasmania
91836,2629,1/25/96,Jeopardy!,GEORGE BUSH,$300 ,"As U.S. ambassador to this organization in 1971, Bush worked to keep Nationalist China from expulsion",United Nations
117252,6289,1/12/12,Jeopardy!,SPELL IT: -ABLE OR -IBLE?,$800 ,Old Navy uses this adjective for solid-color shorts that are patterned when inside-out,R-E-V-E-R-S-I-B-L-E
95048,5857,2/16/10,Jeopardy!,ALASKA,$200 ,"About half of Alaska's 600,000 residents live within this city's metropolitan area",Anchorage
138237,5480,6/6/08,Jeopardy!,DEPP PERCEPTION,$800 ,"Taking a cue from Lord Byron, Johnny played this title role in 1995",Don Juan
215030,5305,10/5/07,Jeopardy!,TOASTS BY LANGUAGE,$400 ,Na zdorovia,Russian
78898,3032,11/4/97,Jeopardy!,DIRTY 4-LETTER WORDS,$300 ,Army dining hall before or after the meal,mess
160010,4804,6/23/05,Jeopardy!,NOODLE DISHES,$800 ,This Jewish noodle pudding was served as a 2nd main course on the Sabbath to symbolize prosperity,kugel
198113,3321,2/1/99,Jeopardy!,THE QUEEN'S ENGLISH,$500 ,"A chucker-out isn't a polo player, it's this job in a bar",Bouncer
99291,5629,2/12/09,Double Jeopardy!,FROM SCREEN TO STAGE,$800 ,"It was a literary trilogy, then a film trilogy, then--heavens to Gollum!--a musical that opened in Toronto in 2006",The Lord of the Rings
26724,5507,7/15/08,Double Jeopardy!,ALSO KNOWN AS,"$2,000 ","The Mexica, ethnically",the Aztecs
17174,5841,1/25/10,Double Jeopardy!,OSCAR-WINNING SONG LYRICS,"$1,600 ","""When I was just a little girl I asked my mother what will I be""",The Man Who Knew Too Much
115239,5404,2/21/08,Double Jeopardy!,IN THE SPANISH DICTIONARY,"$1,200 ","Under V: Thank God it's Friday, in Spanish, this",viernes
207749,1177,10/17/89,Jeopardy!,WORLD LEADERS,$100 ,She is the first woman to head a British political party,Margaret Thatcher
77985,3466,10/4/99,Jeopardy!,COLLEGES & UNIVERSITIES,$100 ,In April 1999 Harvard announced plans to formally absorb this women's college,Radcliffe
102229,4713,2/16/05,Jeopardy!,INTERNATIONAL ROAD VEHICLE STICKERS,$600 ,NGR,Nigeria
138713,6261,12/5/11,Jeopardy!,"AMMAN, JORDAN",$800 ,"Amman is built on 7 jabals, or these; Jabal el-Qala'a offers especially great views",hills
2129,5981,9/20/10,Double Jeopardy!,MOVIE CITIES,"$1,200 ","2010, starring Kristen Bell: ""When in ____""",Rome
97445,5632,2/17/09,Jeopardy!,COATS OF ARMS,"$1,000 ",Its national coat of arms features Montevideo Hill with a fortress on top symbolizing strength,Uruguay
87856,6227,10/18/11,Double Jeopardy!,CRASHING THE PARTY,"$2,000 ","AKA the States' Rights Democrat Party, this southern splinter group quit whistlin' after Truman beat Dewey",the Dixiecrats
10284,3205,7/3/98,Double Jeopardy!,PLACES IN THE BIBLE,"$1,000 ",A witch who survived Saul's witch hunt lived in this Canaanite city,Endor
156879,5809,12/10/09,Double Jeopardy!,ORGANIZATIONS,"$2,000 ",This society for conservative & libertarian lawyers has the name of an early U.S. political party,the Federalist Society
49998,5499,7/3/08,Double Jeopardy!,THE AMERICAN REVOLUTION,$400 ,"On April 18, 1775 Paul Revere only made it to Lexington on his warning ride; Pamuel Prescott got to this citv",Concord
13199,3804,3/1/01,Jeopardy!,WORD TO THE CHEF,$200 ,"To make small squares of food is to dice; to make them a little larger is to do this, the shape of dice",Cube
1739,4699,1/27/05,Jeopardy!,FIRST NAME'S THE SAME,$400 ,"Bakula, Wolf",Scott
187099,5333,11/14/07,Double Jeopardy!,POTPOURRI,"$1,600 ","On an alphabetical list of U.S. states, this 43rd state comes immediately after the 50th state",Idaho
24610,5055,7/28/06,Double Jeopardy!,THE CHAMBER,$800 ,"Kiva, a ceremonial chamber, comes from the language of these westernmost Pueblo Indians, aka the Moki",the Hopi
9788,6088,2/16/11,Double Jeopardy!,FAMILIAR SAYINGS,$800 ,Even a broken one of these on your wall is right twice a day,clock
170344,6133,4/20/11,Double Jeopardy!,BERNINI,$400 ,"(<a href=""http://www.j-archive.com/media/2011-04-20_DJ_09.jpg"" target=""_blank"">Sarah of the Clue Crew shows us a geometric diagram</a>) Bernini said his plan of a large oval connected to a trapezoidal space for the piazza of this building was meant to evoke the <a href=""http://www.j-archive.com/media/2011-04-20_DJ_09a.jpg"" target=""_blank"">arms</a> of the Church embracing its faithful",St. Peter's Basilica
67921,4719,2/24/05,Jeopardy!,ISLAND HOPPING,"$1,000 ",The highest point in this Persian Gulf island nation is 443-foot-high Jabal ad Dukhan,Bahrain
83154,5170,2/16/07,Jeopardy!,"DOUBLE ""T""s",$400 ,"Pucker up with the Sour ones of these, seen <a href=""http://www.j-archive.com/media/2007-02-16_J_17.jpg"" target=""_blank"">here</a>",Skittles
198081,3931,10/8/01,Double Jeopardy!,MARSHALL MATTERS,"$1,000 ","He was the man with a 1947 ""Plan"" that helped rebuild Europe",George Marshall
178404,5133,12/27/06,Jeopardy!,ARCHAEOLOGY,$800 ,"The 1930s find of huge stone heads brought to light this Mesoamerican people, not to be confused with the Toltecs",the Olmecs
181775,2015,5/14/93,Double Jeopardy!,ROCKS & MINERALS,$600 ,"To identify a meteorite, Peterson's guide says to look for iron & this metal",nickel
14786,4628,10/20/04,Double Jeopardy!,CREATURE CULTURE,"$2,000 ","There are 3 classes of annelids: bristleworms, earthworms & these bloodsuckers",leeches
96663,3694,9/28/00,Double Jeopardy!,"KISS, THE BAND","$1,000 ",Training as an artist helped this Kiss lead guitarist design the Kiss logo,Ace Frehley
125446,3899,7/12/01,Double Jeopardy!,ARCHAEOLOGY,$200 ,3-letter term for an archaeological work site; it's also a magazine trying to turn preteens on to archaeology,a dig
114577,533,12/24/86,Double Jeopardy!,PLAYWRIGHTS,"$1,000 ","Lord Snowdon never studied at ""The School for Scandal"", but this ancestor of his wrote it",Richard Sheridan
211774,5871,3/8/10,Double Jeopardy!,A MAN FOR ALL SEASONS,"$1,200 ",In 1605 Thomas Winter was caught up in a plot to blow up Parliament with this more famous guy,Guy Fawkes
215617,4250,2/7/03,Jeopardy!,THE NHL,$400 ,"The holy grail of the NHL, it's named for a governor-general of Canada",Stanley Cup
161258,3507,11/30/99,Jeopardy!,BARCELONA,$100 ,"On Sundays, in front of the Gothic Cathedral, people perform the Sardana, one of these",Dance
8657,6231,10/24/11,Final Jeopardy!,U.S. CITIES,,"Of the top 10 cities in population within city limits, this one of 1.4 million is the only state capital","Phoenix, Arizona"
24588,5055,7/28/06,Jeopardy!,THAT'S POLITICS,$600 ,In 1996 Sam Brownback was elected to complete the term of this Kansas senator who ran for president,Dole
134235,4737,3/22/05,Jeopardy!,WE WERE SOLDIERS,$600 ,This 5-star general was the first chairman of the Joint Chiefs of Staff 1949-1953,Bradley
210073,5373,1/9/08,Jeopardy!,SITCOM SIBLINGS,$200 ,"Jodie Sweetin, Candace Cameron, Mary-Kate & Ashley Olsen",Full House
180689,3614,4/27/00,Double Jeopardy!,CORPORATE AMERICA,$800 ,The Canadian arm of this Pennsylvania corporation makes Eat-More Candy,Hershey's
158822,4674,12/23/04,Jeopardy!,STUPID ANSWERS,$800 ,"One side of Willemstad, Curacao is called Punda & the other side is Otrabanda, which means this",other side
39989,3812,3/13/01,Jeopardy!,U.S. BODIES OF WATER,$200 ,"When Midshipmen from Annapolis sit on the dock of the bay, it's usually this one that divides Maryland in two",Chesapeake Bay
126181,4363,7/16/03,Double Jeopardy!,FROM WHAT LANGUAGE?,"$2,000 ",Om,Sanskrit
118229,4841,10/3/05,Double Jeopardy!,"NOBEL LIT WINNERS, INITIALLY YOURS",$400 ,"1958: B.P., Russia",Boris Pasternak
66064,4909,1/5/06,Double Jeopardy!,SCIENCE NEWS,"$1,600 ",In 2000 Rezulin followed Trovan & Druact as drugs withdrawn from sale for damaging this organ,the liver
208263,5710,6/5/09,Double Jeopardy!,I REMEMBER TELEVISION,$800 ,I remember Bob Crane outwitting Werner Klemperer on this show every week from 1965 to 1971,Hogan's Heroes
200979,6051,12/27/10,Jeopardy!,ELVIS,$600 ,"Affer his army discharge in 1960, Elvis appeared on this crooner's TV special along with the crooner's daughter Nancy",Frank Sinatra
72303,1162,9/26/89,Double Jeopardy!,BLACK AMERICA,"$1,000 ","In 1977 PBS's ""Black Journal"" was renamed for him, its executive producer & host",Tony Brown
5140,4842,10/4/05,Double Jeopardy!,TAKE-OFFS,"$4,000 ",Rafreaky the baboon & a 30-year-old Annie have appeared in this NYC theater spoof that debuted in 1982,Forbidden Broadway
67611,2980,7/11/97,Double Jeopardy!,AMERICAN LITERATURE,"$2,000 ",The title of this Ralph Ellison novel refers to its nameless narrator & protagonist,"""The Invisible Man"""
185969,5021,6/12/06,Jeopardy!,BRAND NEW,$400 ,"The <a href=""http://www.j-archive.com/media/2006-06-12_J_13.jpg"" target=""_blank"">Flatout! container</a>'s accordion design by this company can change its capacity & flatten for storage",Tupperware
64745,2541,9/25/95,Double Jeopardy!,HISTORY,"$1,000 ",in July 1945 this former French chief of state went on trial for treason,(Marshal) PÌ©tain
79517,4549,5/20/04,Double Jeopardy!,PLACES TO GO,$800 ,"If sport fishing is your thing, head to Islamorada in these Florida islands",the Keys
105109,6031,11/29/10,Jeopardy!,COUNTRY NICKNAMES,$800 ,"This is ""India's Teardrop""",Sri Lanka
3866,6239,11/3/11,Double Jeopardy!,19th CENTURY PRESIDENTS,$800 ,"<a href=""http://www.j-archive.com/media/2011-11-03_DJ_14.jpg"" target=""_blank"">This</a> U.S. president was named for his great-grandfather, a signer of the Declaration of Independence",Benjamin Harrison
144638,500,11/7/86,Jeopardy!,DAYS IN SONG,$100 ,"According to the Mamas & The Papas, you ""can't trust that day""",Monday
40925,4829,9/15/05,Jeopardy!,MARSUPIALS,$400 ,"You can see why kangaroos are classified as macropodents, referring to the size of <a href=""http://www.j-archive.com/media/2005-09-15_J_30.jpg"" target=""_blank"">these</a>",their feet
39220,4921,1/23/06,Jeopardy!,FILMOGRAPHIES,$800 ,"""Dark Victory"", ""Of Human Bondage"", ""The Petrified Forest""",Bette Davis
182435,3703,10/11/00,Double Jeopardy!,AFRICAN-AMERICAN LIT,$800 ,"A mother of five is the heroine of ""Mama"" by this author who helped Stella get her groove back",Terry McMillan
124488,2346,11/14/94,Jeopardy!,DECORATIVE ARTS,$300 ,"""The Hunt of the Unicorn"" is a famous example of the mille-fleur type of this wall hanging",Tapestry
37837,2961,6/16/97,Final Jeopardy!,COUNTRIES OF THE WORLD,,"Before its independence, this country was known as the Netherlands East Indies",Indonesia
213988,5569,11/20/08,Double Jeopardy!,WHEEL OF JEOPARDY!,"$1,200 ","A <a href=""http://www.j-archive.com/media/2008-11-20_DJ_23.jpg"" target=""_blank"">place</a> to hoard your pennies",a piggy bank
125180,2781,10/7/96,Jeopardy!,INTERNATIONAL MAIL,$100 ,"In Luxembourg they're only 4 digits long; in Brazil, 8",a ZIP code
210740,3786,2/5/01,Jeopardy!,CITIZENSHIP TEST,$400 ,"In 1800 the national government of the United States moved from this city to Washington, D.C.",Philadelphia
163423,4538,5/5/04,Double Jeopardy!,U.S. GOVERNMENT,"$1,600 ",In 1917 the people of this U.S. commonwealth in the Caribbean became naturalized citizens,Puerto Rico
153382,3262,11/10/98,Jeopardy!,RHYMES WITH COD,$500 ,"Perhaps from obsolete Dutch for ""shred"", it's a young cod or haddock",Scrod
164010,2996,9/15/97,Double Jeopardy!,WORLD GEOGRAPHY,"$1,000 ","The westernmost of Canada's prairie provinces, it's bordered on the west by British Columbia",Alberta
177129,3612,4/25/00,Jeopardy!,THE BARBARY WARS,$100 ,This sea was home base for all those Barbary pirates,Mediterranean Sea
35985,6297,1/24/12,Jeopardy!,MUSIC ALPHABET,$600 ,"""D"" is for decrescendo, which means this is happening to the music",it's getting quieter (or softer)
153211,3306,1/11/99,Double Jeopardy!,U.S. STAMPS,$400 ,"Different types of these on stamps of the 1990s include lunch, circus & Conestoga",Wagons
52378,3973,12/5/01,Jeopardy!,SLOW NEWS DAY,$400 ,"(Sarah)  If you see Pete, this breed of dog lost last Sunday, remember, he's got a lot of ""fight"" in him",boxer
190400,5113,11/29/06,Jeopardy!,AIRPORT CODES,"$1,000 ",It's named for Sen. Ted Stevens: ANC,Anchorage
121651,1266,2/19/90,Double Jeopardy!,OPERA,$400 ,"Operas based on this Norwegian's plays include ""The Feast at Solhaug"" & ""Peer Gynt""",Henrik Ibsen
84382,4564,6/10/04,Double Jeopardy!,THE MIND,"$1,200 ","In a famous 1848 case, Phineas Gage's personality was altered by damage done to his left frontal one",lobe
196662,4601,9/13/04,Jeopardy!,"YOU'RE ""GOLDEN"", BABY",$600 ,It's the second-most registered dog breed at the American Kennel Club,a golden retriever
131765,6086,2/14/11,Jeopardy!,BEATLES PEOPLE,$600 ,"""Bang bang"" his ""silver hammer came down upon her head""",Maxwell's silver hammer
144334,3076,1/5/98,Jeopardy!,"""NEW"" GEOGRAPHY",$100 ,This U.S. city was formerly known as New Amsterdam,New York City
127690,5450,4/25/08,Jeopardy!,YELLOW THERE!,$400 ,"As a human guinea pig, Jesse Lazear helped Walter Reed prove this was spread by mosquitoes",yellow fever
183365,6050,12/24/10,Jeopardy!,CHRISTIANITY,"$1,000 ","Born the son of slaves in 1760, Richard Allen became the first bishop & leader of this church, the AME, in 1816",African Methodist Episcopal church
52299,3478,10/20/99,Double Jeopardy!,TOUGH GEOGRAPHY,$800 ,"The Little Minch, a Scottish strait, separates this group's ""Inner"" & ""Outer"" islands",The Hebrides
34396,3089,1/22/98,Double Jeopardy!,SOUP DU JOUR,$600 ,"Wednesday's treat is this chilled tomato soup, which Andalusians flavor with onions & garlic",Gazpacho
22000,2126,11/29/93,Double Jeopardy!,THE CIVIL WAR,$800 ,"Nicknamed ""Fighting Joe"", he replaced Ambrose Burnside as commander of the Army of the Potomac in 1863",Hooker
171962,3701,10/9/00,Jeopardy!,WHAT'S THE GOOD WORDSWORTH?,"$1,000 ","An 1820 ode on this king's death included ""Dread shadow of a king!  Whose realm had dwindled to one stately room""",George III
198058,3931,10/8/01,Double Jeopardy!,THE REAL SLIM PICKENS,$200 ,Slim Pickens was the B-52 captain who saddled up a hydrogen bomb in this 1964 Kubrick classic,Dr. Strangelove
31949,2894,3/13/97,Jeopardy!,FINANCE,$200 ,This term for a top quality stock comes from the gambling world,Blue chip
114650,3637,5/30/00,Jeopardy!,FAMOUS PAINTINGS,$200 ,"Portraitist Gilbert Stuart produced over 1,100 paintings, 104 of which were likenesses of this man",George Washington
27702,2934,5/8/97,Jeopardy!,THE OSCARS,$300 ,Best actress Frances McDormand played a pregnant cop in this film named for a North Dakota city,Fargo
174392,5640,2/27/09,Jeopardy!,BIBLICAL NAME'S THE SAME,$200 ,"Benchley, Boyle, O'Toole",Peter
77314,6000,10/15/10,Double Jeopardy!,"""-ARES""","$1,200 ","Entangles by ropes or lies, probably not drums",ensnares
35218,6189,7/7/11,Jeopardy!,"""TEN"" & UP",$800 ,9-letter word meaning unsure or hesitant,tentative
159385,3789,2/8/01,Double Jeopardy!,THAT'S SO CLICHE!,"$1,000 ","To eat crow is ""to eat"" this type of ""pie""",humble pie
164456,3712,10/24/00,Jeopardy!,CHARACTER STUDY,$500 ,"Amelia Sedley, George Osborne, Becky Sharp","""Vanity Fair"""
33327,5589,12/18/08,Double Jeopardy!,COUNTRY RHYME TIME,"$1,200 ",Barcelona or Toledo gray matter,Spain brain
95304,6137,4/26/11,Jeopardy!,BY THE NUMBERS,$800 ,It's the number of yards in a mile,1760
180092,5248,6/6/07,Double Jeopardy!,CAPITAL PUNISHMENT,"$1,600 ",In Africa: Harare,Zimbabwe
152978,5285,7/27/07,Double Jeopardy!,YOUR PARENTS' MUSIC,"$1,600 ","This singer used religious imagery in her 1989 ""Like A Prayer"" music video & in her 2006 ""Confessions"" world tour",Madonna
1100,4085,5/10/02,Double Jeopardy!,"""EN"" THE BEGINNING",$400 ,These peptide hormones in the brain reduce the sensation of pain,endorphins
72970,3148,4/15/98,Double Jeopardy!,FUN & GAMES,"$1,000 ",Johnny Carson & Eva Gabor made this party game a hit when they tried it on TV,Twister
27220,5793,11/18/09,Jeopardy!,AMERICAN CITIES,$600 ,"Many visitors to the Big Apple fly into this city's Liberty Airport, maybe on Continental",Newark
106661,5141,1/8/07,Double Jeopardy!,MUSICAL MASONS,"$1,600 ",This composer & Freemason belonged to Suomi Lodge No. 1 in Helsinki,Sibelius
201748,1323,5/9/90,Jeopardy!,SONGS OF THE '80s,$300 ,"Though ""Fame"" won the 1980 Oscar, this song beat it on the pop charts: [audio clue]",9 To 5
136797,3001,9/22/97,Jeopardy!,GONE FISHING,$200 ,"In catching trout, these insects have largely given way to decanter hooks with the same name",Flies
13929,2124,11/25/93,Jeopardy!,JOHN PAUL II,$500 ,He visited this Haitian neighbor in 1992 in celebration of Columbus' visit there 500 years earlier,Dominican Republic
107162,1193,11/8/89,Jeopardy!,JEWELRY,$400 ,Ancient Egyptian jewelry made frequent use of the scarab which is this,beetle
188479,5867,3/2/10,Jeopardy!,MESSAGE IN A BATTLE,$800 ,The English crushed the Highland clans at Culloden Moor in 1746; message to this would-be king: Stop pretending!,Bonnie Prince Charlie
178987,3763,1/3/01,Jeopardy!,LEND ME YOUR MOUSEKETEER EARS,$100 ,She's probably America's favorite Mouseketeer & QVC sells her collectible bears,Annette Funicello
118103,3977,12/11/01,Jeopardy!,GETTIN' FRIENDLY WITH MADONNA,"$1,000 ","This Madonna pal came out with ""I'm Your Woman"" in '85 but she's better known for ""Without You I'm Nothing""",Sandra Bernhard
215519,4216,12/23/02,Double Jeopardy!,ODE TO ENGLAND,$400 ,Joy in children he does cause; he's the British Santa Claus,Saint Nicholas/Father Christmas
98081,3867,5/29/01,Jeopardy!,DESCRIBING THE SPORT,$300 ,"Throw spheroid called horsehide, but not always made of such, run 360 feet to score, get $252 million contract",Baseball
173109,2858,1/22/97,Double Jeopardy!,ORGANIZATIONS,$400 ,It's what NATO stands for,North Atlantic Treaty Organization
162968,5532,9/30/08,Jeopardy!,WHY DON'T YOU COME TO YOUR SENSES?,$400 ,"Fantastic, groovy, ""out of"" this, man",sight
68010,3556,2/7/00,Double Jeopardy!,PEOPLE IN HISTORY,"$1,000 ","For helping the Lincoln conspirators, she was the first woman hanged by the U.S. government",Mary Surratt
194300,4234,1/16/03,Jeopardy!,FACTS & FIGURES,$600 ,"He planted 64 poems in his ""Child's Garden of Verses""",Robert Louis Stevenson
78360,5728,7/1/09,Jeopardy!,TAKE MY TEMPERATURE,$800 ,"When he invented his scale, he originally made 0 the boiling point of water & 100 its freezing point; it changed later",(Anders) Celsius
100883,5402,2/19/08,Jeopardy!,WORLD FLAGS,"$2,000 ","<a href=""http://www.j-archive.com/media/2008-02-19_J_16.jpg"" target=""_blank"">Cuba's flag</a> is called ""La Estrella Solitaria"", meaning this, like Texas's nickname",the Lone Star
188264,5044,7/13/06,Double Jeopardy!,WORLD LEADERS,$800 ,"In 2001 <a href=""http://www.j-archive.com/media/2006-07-13_DJ_25.jpg"" target=""_blank"">he</a> was sworn in as his country's prime minister",Junichiro Koizumi
167081,4649,11/18/04,Double Jeopardy!,EARLS GONE WILD,$400 ,"Kenyan capital where the Earl of Erroll frolicked with randy, druggie friends--until he was murdered!",Nairobi
31796,4305,4/25/03,Double Jeopardy!,SKINS,$400 ,"Before snakes shed their skin, also called this activity, their eyes get cloudy, then clear again",molting
202977,4709,2/10/05,Jeopardy!,"OH, SHOOT!","$1,000 ","This Olympic event, from words meaning ""two contests"", first began as a sport in the late 1700s",the biathlon
95878,3450,9/10/99,Double Jeopardy!,SKY WATCHING,"$1,000 ",The star Polaris doesn't seem to move through the sky because it is almost directly above this place,North Pole
149218,56,11/26/84,Double Jeopardy!,GRAMMAR,$600 ,Punctuation mark of the imperative mode,an exclamation mark
140922,5557,11/4/08,Double Jeopardy!,NOVEL ALLITERATION,$800 ,"Peter Hoeg wrote of her ""Sense of Snow""",Smilla
112104,4970,3/31/06,Jeopardy!,VANITY,$800 ,"This ""Evening Shade"" star wigged out when it was revealed that he owed $7,500 to 2 toupee companies",Burt Reynolds
38854,3386,5/3/99,Jeopardy!,TV CHARACTERS,$300 ,"Jack McFarland, Karen Walker, Grace Adler",Will & Grace
71335,6106,3/14/11,Double Jeopardy!,FROM HERE TO THERE,$800 ,"In 1946 Churchill said, ""From Stettin in"" this north European sea ""to Trieste... an iron curtain has descended""",the Baltic
207099,6278,12/28/11,Jeopardy!,POTPOURRI,$200 ,A verbal prompt for an actor,a cue
30860,4268,3/5/03,Jeopardy!,CELEBRITY RHYME TIME,$400 ,Blanchett's beaus,Cate's dates
173086,2858,1/22/97,Jeopardy!,FOOLS & FOLLIES,$300 ,Iron pyrite,Fool's gold
167164,620,4/24/87,Double Jeopardy!,RELIGION,"$1,000 ","This word comes from the Hebrew word meaning ""the annointed one""",messiah
104969,5972,7/27/10,Final Jeopardy!,MONARCHIES,,1 of the 2 largely German-speaking monarchies in the world; they're about 250 miles apart,(1 of) Liechtenstein & Luxembourg
79719,4180,11/1/02,Double Jeopardy!,"""ME""","$2,000 ",One of these particles consists of a quark & an antiquark,meson
166264,6039,12/9/10,Double Jeopardy!,MIDDLE NAMES,"$1,200 ",An American naval hero: Hazard,(Oliver Hazard) Perry
11059,5311,10/15/07,Double Jeopardy!,CHILE DOGS,"$2,000 ","Chile dogs include the pastor aleman, this breed",the German shepherd
123931,3072,12/30/97,Double Jeopardy!,MUSIC MAKERS,$800 ,"This ""Hansel und Gretel"" composer also wrote incidental music for Shakespeare's plays",Engelbert Humperdinck
115536,5711,6/8/09,Double Jeopardy!,FLOWER NAMES,"$1,200 ","Referring to the shape of their leaves, the name of these flowers seen <a href=""http://www.j-archive.com/media/2009-06-08_DJ_18.jpg"" target=""_blank"">here</a> means ""small sword""",gladiola
207929,5049,7/20/06,Jeopardy!,CONVERSION,$200 ,"Chevy says its Avalanche can convert ""from a full-size SUV to"" this type of truck ""in less than a minute""",a pickup truck
117654,5672,4/14/09,Jeopardy!,SCANDALOUS NURSERY RHYMES,$200 ,Perhaps too much eggnog threw off this character's equilibrium when he had a great fall off a wall,Humpty Dumpty
165577,3625,5/12/00,Jeopardy!,THE ABCs OF THE CDC,$300 ,"At its inception in 1946, the CDC fought this mosquito-borne disease that was prevalent in the South at the time",Malaria
173663,4524,4/15/04,Double Jeopardy!,ON LOCATION,"$2,000 ","The 1954 Barbara Stanwyck movie ""Cattle Queen of"" this state was filmed on location in Glacier National Park",Montana
203975,5371,1/7/08,Jeopardy!,TERN! TERN! TERN!,$200 ,"Like a loon's, a tern's feet have this feature, yet terns are not notable swimmers",webbing
147086,5245,6/1/07,Jeopardy!,"WE CAN REBUILD ""HIM""",$200 ,A small cap worn over the fingertip for protection,a thimble
161037,3715,10/27/00,Jeopardy!,"WHERE IT'S ""AT""",$400 ,This neck scarf is named for its resemblance to one worn by Croatian soldiers,Cravat
170853,3347,3/9/99,Double Jeopardy!,IN A STORM MOVIE,$800 ,"In this film, Bogie & Bacall wait out a tropical storm with Edward G. Robinson",Key Largo
47931,6134,4/21/11,Final Jeopardy!,SCIENTISTS,,"At the time of the Apollo 11 moon landing, his widow said, ""that was his dream, sending a rocket to the moon""",Robert Goddard
53232,5543,10/15/08,Double Jeopardy!,WHATCHA EATIN'?,$800 ,"This dish, steak dipped in batter before cooking; it doesn't contain the poultry that's in its name",chicken-fried steak
215286,3865,5/25/01,Jeopardy!,A NOVEL CATEGORY,$500 ,"A relative of Chilean president Salvador Allende, she wrote the luminous novel ""Eva Luna""",Isabel Allende
201505,5984,9/23/10,Jeopardy!,ALCOHOLICS EPONYMOUS,$200 ,"New Orleans bartender Henry Ramos invented the Ramos Fizz, made with cream, egg whites, lime juice & this liquor",gin
6426,3010,10/3/97,Jeopardy!,EXPLORERS,$500 ,"His family friend Tyrker found vines & grapes in the new land, so he called the area Vinland",Leif Ericson
89890,5959,7/8/10,Double Jeopardy!,ALL ABOUT ART,"$2,000 ","In 1889, Van Gogh painted <a href=""http://www.j-archive.com/media/2010-07-08_DJ_25.jpg"" target=""_blank"">these</a> title flowers",irises
60311,3312,1/19/99,Double Jeopardy!,THE THEATRE,$800 ,"""Swimming To Cambodia"" monologist who starred in the aptly-titled one-man show ""Gray's Anatomy""",Spalding Gray
215925,5876,3/15/10,Jeopardy!,STORY PROBLEMS,$600 ,Sydney Carton solves the problem of saving Charles Darnay's neck (literally) in this work,A Tale of Two Cities
185498,4032,2/26/02,Jeopardy!,COACHING FOOTBALL,$600 ,"If your team, trailing 14-6, scores a touchdown with 10 seconds left, go for one of these to tie the game",a 2-point conversion
11899,3139,4/2/98,Jeopardy!,SPORTS SCORES,$200 ,"In football, the defense earns this many points by tackling the opposing team's ball carrier in his own end zone",two
166839,3438,7/14/99,Jeopardy!,BIRD WORDS & PHRASES,$500 ,"It's a ""homicidal"" phrase for achieving 2 goals with a single effort",Killing two birds with one stone
205822,4962,3/21/06,Jeopardy!,EGGHEADS,"$1,000 ","Seen <a href=""http://www.j-archive.com/media/2006-03-21_J_15.jpg"" target=""_blank"">here</a>, Robert J. Aumann shared the 2005 Nobel Prize in this for his work based on game theory",Economics
213057,4156,9/30/02,Jeopardy!,HIDDEN,$600 ,"Hidden features on DVDs are known as these ""holiday"" items",Easter eggs
127700,5450,4/25/08,Jeopardy!,U.S. COUNTIES,"$1,400 ",Lake of the Woods County is this state's northernmost,Minnesota
102078,5357,12/18/07,Double Jeopardy!,ARCHITECTURE,"$1,200 ","Robert Mills, a Greek Revivalist architect, designed the U.S. Treasury building & this 555-foot-tall structure",the Washington Monument
150321,5738,7/15/09,Double Jeopardy!,SCIENCE EN ESPAÌÔOL,$400 ,Eje is this imaginary line about which the Earth rotates,the axis
185689,2933,5/7/97,Jeopardy!,THE LIVING EARTH,$500 ,"These ""laughing"" scavengers will eat almost anything & will steal food even from lions",Hyenas
161865,3022,10/21/97,Jeopardy!,WORLD RELIGION,$300 ,"In Christian churches, Ascension Day is observed 40 days after this holiday",Easter
39829,4825,7/22/05,Jeopardy!,HERO SANDWICH,"$1,000 ",A 15th century poem by a guy known as Blind Harry is the main source for the life of this Scottish hero,William Wallace
175460,1320,5/4/90,Double Jeopardy!,PLANTS & TREES,"$1,000 ",Spruces have drooping cones & angular leaves while these have upright cones & flat leaves,Firs
113295,1339,5/31/90,Jeopardy!,WORLD NEWS,$400 ,It gained independence from France in 1962; now a new constitution allows multiple political parties,Algeria
133950,4964,3/23/06,Jeopardy!,SLOGANS ON THE SPOT,"$1,000 ","Garlic breath sufferers can't resist this chewy mint, ""The Freshmaker""",Mentos
97748,5407,2/26/08,Double Jeopardy!,BOXER,"$1,200 ",From East L.A. this Mexican American won the WBO light weight title in 1994 & a Grammy nomination in 2001,Oscar De La Hoya
20673,4981,4/17/06,Jeopardy!,STUPID ANSWERS,$800 ,"Henry Adams won a Pulitzer for ""The Education of Henry Adams""; this man won for ""The Americanization of Edward Bok""",Edward Bok
127726,5450,4/25/08,Double Jeopardy!,CAT SKILLS,"$1,200 ","AKA vibrissae, these cat features can register minute shifts in air currents",whiskers
143800,4310,5/2/03,Double Jeopardy!,SURVIVORS,"$1,600 ","A survivor of this 1912 disaster at sea, Marjorie Newell Robb, died in 1992 at the age of 103",sinking of the Titanic
165670,4834,9/22/05,Double Jeopardy!,LITERARY LANDMARKS,"$1,600 ","Hyde Park's W.H. Hudson Memorial boasts a statue of this bird girl, heroine of Hudson's novel ""Green Mansions""",Rima
71822,5270,7/6/07,Double Jeopardy!,LITERARY THEATRE,"$1,200 ","John Updike's novel ""The Witches Of"" this place has cast a spell as a musical",Eastwick
103141,5465,5/16/08,Double Jeopardy!,FIGHT SONGS,$400 ,Menkaure is our cry!  He will crush the Sinai!  Ra!  Ra!  Ra!,Egypt
27253,5793,11/18/09,Double Jeopardy!,NAME THE POEM,"$1,200 ","""Rats!  They fought the dogs, and killed the cats, and bit the babies in the cradles""","""The Pied Piper of Hamelin"""
21101,4308,4/30/03,Double Jeopardy!,21st CENTURY MOVIES,$800 ,"(Sofia of the Clue Crew in Kauai, Hawaii)  Hawaiian jungles stood in for African jungles when this 2003 Bruce Willis movie was filmed",Tears of the Sun
9572,5701,5/25/09,Jeopardy!,TIME'S TOP 10 EVERYTHING OF 2008,$400 ,"No. 2 in ""Jerry Stiller's Top 10 Words"": This before ""gevalt!"" (Bonus--No. 3 was ""colonoscopy"")",Oy
149484,6007,10/26/10,Jeopardy!,LIVE LONG & PROSPER,$800 ,"Daniel Ludwig, who lived to be 95, pioneered this 11-letter type of ship of over 100,000 tons of displacement",super tankers
122949,2875,2/14/97,Jeopardy!,TRANSPORTATION,$400 ,In the 19th century Gustavus Swift developed this type of railway car to preserve his packed meat,Refrigerator Car
9505,4987,4/25/06,Jeopardy!,LEGENDARY LEGENDS,$200 ,"Legend says if you run unto the ghost of the pirate Blackbeard, he may be hard to recognize, as he's missing this",his head
24757,1245,1/19/90,Jeopardy!,WESTERN SONGS,$100 ,"The classic western song that begins ""See them tumbling down....""","""Tumbling Tumbleweeds"""
194658,3278,12/2/98,Jeopardy!,WORD ORIGINS,$200 ,"From a Provencal word for ""witch"", it's a sports team's good-luck symbol",Mascot
186904,4996,5/8/06,Double Jeopardy!,NO. 1 ALBUMS,$800 ,"1990: ""Please (this rapper) Don't Hurt 'Em""",Hammer
202203,4124,7/4/02,Double Jeopardy!,THE FLAGPOLE,$400 ,"Originally a flagpole was just a straight one of these cut, trimmed & treated",a tree trunk
97874,2752,7/16/96,Double Jeopardy!,AMERICAN MOVIE STARS,$800 ,"This star of ""East of Eden"" & ""Rebel Without A Cause"" was only 24 when he died in a 1955 car crash",James Dean
84999,1246,1/22/90,Jeopardy!,ADVERTISING,$200 ,"Ibuprofen product that says it's ""advanced medicine for pain""",Advil
91496,3826,4/2/01,Double Jeopardy!,EARLY AMERICA,$400 ,This colony was founded in 1607 in what's now the state of Virginia,Jamestown
145836,4932,2/7/06,Jeopardy!,DINNER & A MOVIE,$400 ,"In ""Shrek 2"" this Antonio Banderas character is hired to commit ogrecide at the Poison Apple Inn",Puss-in-Boots
163819,1147,9/5/89,Jeopardy!,"YES, ""MASTER""",$500 ,"If this breaks, your brakes won't brake",master cylinder
138663,5947,6/22/10,Double Jeopardy!,LUAU LUAU,$400 ,Wear one of these garlands to the luau; the haku type is worn on the head,a lei
176685,3335,2/19/99,Jeopardy!,"""MASTER""s",$500 ,He became a Kansas lawman after a killin' over a dance-hall girl in Texas,Bat Masterson
135627,2897,3/18/97,Jeopardy!,EXPLORERS,$400 ,This conqueror of Mount Everest was in the first group to climb the southern face of New Zealand's Mount Cook,Sir Edmund Hillary
206532,5962,7/13/10,Jeopardy!,FAIL TO THE CHIEF,$800 ,"His 1807 Embargo Act, meant to force Britain and France to respect our economic might, wrecked the U.S. economy",Jefferson
162724,5168,2/14/07,Jeopardy!,"OO, SORRY!",$400 ,In 1673 Marquette & Joliet explored in birchbark ones of these,canoes
103726,4574,6/24/04,Jeopardy!,LUCKY SEVEN,$600 ,In a famous opera it was the scandalous dance that Salome performed for Herod,the Dance of the Seven Veils
92274,3521,12/20/99,Double Jeopardy!,LITERATURE,"$1,000 ","This 1861 George Eliot novel is subtitled ""The Weaver of Raveloe""","""Silas Marner"""
143849,4490,2/27/04,Double Jeopardy!,GEOLOGY,"$1,200 ","In the science of geology, petrographers are concerned with classifying these",rocks
100127,6063,1/12/11,Jeopardy!,WE WHISTLE WHILE YOU WORK,"$1,000 ","We provide you the best in classical whistling with this piece heard <a href=""http://www.j-archive.com/media/2011-01-12_J_05.mp3"">here</a>",(Vivaldi's) The Four Seasons
141084,1318,5/2/90,Jeopardy!,NICKNAMES,$400 ,"""Dark"" nickname shared by Jackie Onassis' father, John Bouvier, & General Pershing","""Black Jack"""
19390,5815,12/18/09,Jeopardy!,COMIC BOOK VILLAINS,$400 ,"Incendiary pumpkin bombs are among the many weapons used by this ""colorful"" Spider-Man villain",the Green Goblin
20876,3118,3/4/98,Double Jeopardy!,ONOMATOPOETIC WORDS,$800 ,"This onomatopoetic word precedes art, fly & gun",Pop
198681,5223,5/2/07,Jeopardy!,THE MOVIES,$400 ,"This actor really sings the faux '80s song ""Pop! Goes My Heart"" on the ""Music and Lyrics"" soundtrack",Hugh Grant
164718,3,9/12/84,Double Jeopardy!,NEW TESTAMENT,"$1,500 ","""Blessed are"" these ""for they shall be called the children of God""",the peacemakers
215240,3151,4/20/98,Double Jeopardy!,FAMOUS FRENCHMEN,$400 ,"In 1619 this math whiz could have said, ""I think, therefore I am joining the duke of Bavaria's army""",Descartes
17260,6192,7/12/11,Jeopardy!,HUNTER S. THOMPSON,$600 ,"In 1972's ""Fear and Loathing on the Campaign Trail"", Thompson chronicled the campaigns of these 2 opponents",Nixon & McGovern
802,4335,6/6/03,Jeopardy!,WEATHER WORLD,"$1,000 ","The Australian mountains that include the Charlotte's Pass ski area, or the weather there in July",Snowy
65113,4471,2/2/04,Jeopardy!,ANIMAL QUOTES,$200 ,"""I had a little"" one of these, ""his name was Dapple Gray; I lent him to a lady to ride a mile away""",a pony
118165,4350,6/27/03,Jeopardy!,CRACK OPEN A U.S. HISTORY BOOK,"$1,000 ","Though the Supreme Court said in the 1830s this tribe was its own ""nation"" within Georgia, it didn't happen",Cherokee
170933,4739,3/24/05,Jeopardy!,OLYMPIC BOXERS,$600 ,"Teofilo Stevenson of this country impressively won heavyweight gold in 1972, 1976 & 1980",Cuba
204166,4905,12/30/05,Jeopardy!,COLORFUL RHYME TIME,$800 ,A pale green sword,a jade blade
181768,2015,5/14/93,Double Jeopardy!,BODIES OF WATER,$400 ,The Straits of Florida & the Yucatan Channel are this gulf's only outlets,the Gulf of Mexico
64277,5771,10/19/09,Jeopardy!,SELF-INDULGENT REALITY TV,$600 ,"I guess you could say this actress' show ""It's Complicated"" has a certain ""sheen"" about it",Denise Richards
29916,4494,3/4/04,Jeopardy!,CELEBRITIES' ORIGINAL NAMES,"$1,000 ",Wrestler turned actor Dwayne Johnson,The Rock
1572,5795,11/20/09,Jeopardy!,"I'M GOING ""INN""",$800 ,"It's the type of sail seen <a href=""http://www.j-archive.com/media/2009-11-20_J_09.jpg"" target=""_blank"">here</a> in red, white & blue",the spinnaker
59598,5302,10/2/07,Double Jeopardy!,THE SCINTALLATING 1700s,"$2,000 ","Lavinia Fenton created the role of Polly Peachum in this John Gay ""Opera"", then ran off with the Duke of Bolton",The Beggar's Opera
60773,5262,6/26/07,Double Jeopardy!,ROCKERS BANNED IN THE USSR,$400 ,This former partner of Ike was banned for being too sexy,Tina Turner
77755,617,4/21/87,Jeopardy!,SUMMER,$300 ,"Cocozell, patty pan & yellow crookneck",summer squashes
160530,4210,12/13/02,Jeopardy!,THE MAINE EVENT,$200 ,"Don't tell Idaho, but this is Maine's leading agricultural crop also",potatoes
145609,3829,4/5/01,Jeopardy!,FOOD & DRINK,$300 ,"This salad with chopped turkey, avocado, bacon & blue cheese was created at L.A.'s Brown Derby Restaurant",Cobb salad
194848,3499,11/18/99,Jeopardy!,AT THE MAGAZINE STAND,$500 ,"""An ounce of"" this leading health magazine ""is worth a pound of cure""",Prevention
21848,4929,2/2/06,Jeopardy!,IF THEY MARRIED...,$600 ,"Actress Julie, nurse Dixie McCall on ""Emergency!"", falls for Lloyd's son Jeff & hyphenates her name to...",Julie London-Bridges
164023,5122,12/12/06,Jeopardy!,STATE THE STATE,$400 ,"""Balmer"" is the local pronunciation of the largest city in this state",Maryland
202736,4645,11/12/04,Jeopardy!,GET A DEGREE,"$1,000 ",Check it out!  B.L.S. is a bachelor of this,library science
43868,5457,5/6/08,Jeopardy!,PEOPLE IN THE NEWS,$600 ,"In 2008 the committee cited ""profound impact"" & ""poetic power"" in giving him the first Pulitzer for a rock musician",Bob Dylan
163238,3505,11/26/99,Double Jeopardy!,THE BIG VALLEY,"$1,000 ",The 18 survivors out of a party of 30 who made a trek through this valley in 1849 gave it its name,Death Valley
43703,6078,2/2/11,Jeopardy!,3-LETTER WORDS,$600 ,"Weep aloud, or cry uncontrollably",sob
17925,5763,10/7/09,Jeopardy!,INFLATABLE,"$1,000 ","Usually attached to an inflatable cuff, a sphygmomanometer measures this",blood pressure
8839,5397,2/12/08,Double Jeopardy!,LASTS,"$2,000 ","The name of the last dynasty to rule Vietnam, it's the family name of about half Vietnam's people",Nguyen
70065,5366,12/31/07,Jeopardy!,MY DREAM HOUSE,$200 ,"In this style of pre-Revolutionary Americans, I like the Southern <a href=""http://www.j-archive.com/media/2007-12-31_J_26.jpg"" target=""_blank"">version</a> with brick exterior & side chimneys",Colonial
149744,4596,9/6/04,Double Jeopardy!,"FISH, BIRD, OR MAMMAL","$1,600 ",The ptarmigan,bird
96927,3351,3/15/99,Jeopardy!,THE NEW $20 BILL,$400 ,This building on the back of the bill was trashed by revelers the night the man on the front moved in,The White House (when Andrew Jackson moved in)
84334,3062,12/16/97,Double Jeopardy!,BONUS MOVIE,"$1,600 ",She won the 1968 Academy Award for Best Actress,Katharine Hepburn & Barbra Streisand
167452,3106,2/16/98,Double Jeopardy!,ACTORS & THEIR FILMS,$800 ,Sophia Loren did her own singing when she played Aldonza in this movie musical,Man Of La Mancha
153753,4814,7/7/05,Double Jeopardy!,LIQUIDS,"$2,000 ","A quick dose of candy can help if you take too much of this, prescribed twice a day for many people",insulin
205618,5504,7/10/08,Double Jeopardy!,TV GROUPS,"$1,200 ","The Malachi Brothers, The Pinkettes",Happy Days
145351,6056,1/3/11,Double Jeopardy!,NUMBERS,"$2,000 ",The Screaming Eagles are this number airborne division,101st
144242,3526,12/27/99,Jeopardy!,L.A. 2000,$400 ,"(Hi, this is Dick Riordan, mayor of Los Angeles)  This L.A. landmark that celebrates its 77th anniv. in 2000 was originally built to promote a real estate development","The ""Hollywood"" Sign"
57544,1267,2/20/90,Jeopardy!,INSURANCE,$500 ,"Used in setting rates, the theory of this was developed by Blaise Pascal & Pierre de Fermat in the 1600s",Theory of Probability
164284,5833,1/13/10,Double Jeopardy!,BLOOD WORK,$400 ,Blood flows through a network of vessels known collectively as this system,the circulatory system
191232,4978,4/12/06,Jeopardy!,FOREIGN WORDS & PHRASES,$600 ,"In Greek this 2-word phrase means ""the many""; it refers to the common people",hoi polloi
25727,4123,7/3/02,Jeopardy!,"FEELING A BIT ""ILL""",$600 ,A flavorful gherkin,dill (pickle)
18974,5601,1/5/09,Double Jeopardy!,PIGSKIN LEGENDS,"$1,600 ","In his first 10 seasons, 1998-2007, this Viking-Raider-Patriot amassed more than 12,000 receiving yards",(Randy) Moss
77398,5318,10/24/07,Jeopardy!,THE SOUTHERNMOST NATION,$400 ,"Nepal, Nicaragua, Norway",Nicaragua
78186,3479,10/21/99,Jeopardy!,SOUTH DAKOTA,$500 ,"On August 2, 1876 this gunfighter was shot in the back of the head by Jack McCall in Deadwood",Wild Bill Hickok
92390,6090,2/18/11,Double Jeopardy!,SINGLE-NAMED SINGERS,"$1,200 ","This R&B singer had the aptly titled album ""Rated R""",Rihanna
107175,1193,11/8/89,Double Jeopardy!,CANADIAN HISTORY,$200 ,In 1670 Hudson's Bay Co. was chartered in this country & given rights to land draining into the bay,England
53335,5987,9/28/10,Jeopardy!,"I LOVE YOU, ""MIN""",$800 ,Overbearing,domineering
58748,3002,9/23/97,Double Jeopardy!,SHAKESPEARE'S FIRST WORDS,$400 ,"""When shall we three meet again""",Macbeth
54556,5226,5/7/07,Double Jeopardy!,"DIRECTOR""S""","$1,200 ","""JFK"" & ""World Trade Center""",Oliver Stone
55754,4244,1/30/03,Double Jeopardy!,HISTORY,$800 ,"In 1533, at age 3, he became grand prince of Moscow; 14 years later he was crowned Russia's first czar",Ivan the Terrible
146322,5330,11/9/07,Jeopardy!,THE BELOVED BRACHIOSAURUS,$400 ,"Referring to its long forelimbs, the name Brachiosaurus comes from the Greek for this ""lizard""",arm
84292,3062,12/16/97,Jeopardy!,SEWING,$200 ,"The direction of threads in a fabric is called this, like the pattern of fibers in wood",Grain
61624,5531,9/29/08,Double Jeopardy!,ANCIENT GREEK WRITERS,"$1,200 ","The playwright Menander wrote, ""Marriage, if one will face the truth, is... a necessary"" this",evil
182737,4466,1/26/04,Double Jeopardy!,"ON ""Q""","$2,000 ",One of the 7 hills upon which ancient Rome was built,Quirinal
108778,5500,7/4/08,Double Jeopardy!,TRYING TO MAKE ME GO TO RIYADH,"$1,600 ",Perhaps you could stay at the Holiday Inn Riyadh-Minhal before busing to the Hajj in this city,Mecca
101663,5288,9/12/07,Double Jeopardy!,LEAVE 'EM LAUGHING,"$1,200 ","In an Ella Wheeler Wilcox poem, they're the 7 words that precede ""weep and you weep alone""",laugh and the world laughs with you
69761,5820,12/25/09,Jeopardy!,SHIRLEY MacLAINE,$200 ,"Born in 1934, Shirley MacLaine was named after this film star born in 1928",Shirley Temple
29689,5383,1/23/08,Jeopardy!,"ITOS, TITOS & FRITOS","$1,000 ","On May 4, 1980 Tito died in Ljubljana in what was then this country",Yugoslavia
205370,4326,5/26/03,Double Jeopardy!,WHAT'S IN A NAME?,$800 ,"A daytime talk show host, he was named after the Catholic high school his father attended",Regis Philbin
192133,4748,4/6/05,Double Jeopardy!,ALL'S WHALE THAT ENDS WHALE,$400 ,"This state's official marine mammal is the bowhead whale, which inhabits Arctic waters",Alaska
159459,3311,1/18/99,Jeopardy!,AMERICA SINCE 1900,$300 ,"Approved in the 1950s, this compound has been added to the drinking water of about half of the U.S. population",Fluoride
40761,2884,2/27/97,Jeopardy!,AUTO FIRSTS,$300 ,In 1932 this motor city laid the 1st mile of concrete pavement; in 1914 it erected the 1st stop sign,Detroit
146482,3455,9/17/99,Double Jeopardy!,SPORTS STARS,$800 ,"This American won her first Wimbledon singles title in 1999, beating Steffi Graf in the final",Lindsay Davenport
132685,6215,9/30/11,Jeopardy!,BLU-RAYS,$400 ,"The 2008 Blu-ray release of this all-time classic comes with a passport holder, for your flight to Lisbon",Casablanca
24535,3643,6/7/00,Jeopardy!,I'M JUST AN OBJECT,$400 ,You curry food when you add spices; you curry this when you flatter someone,Favors
192755,5046,7/17/06,Jeopardy!,INVENTORS & INVENTIONS,"$2,400 ","This device was first developed by Zenith in 1950 under the name ""Lazy Bones""",a (TV) remote control
190121,4211,12/16/02,Double Jeopardy!,"A LITTLE ""R"" & ""R""",$800 ,"This cocktail named for a Scottish outlaw consists of Scotch whisky, sweet vermouth & bitters",Rob Roy
47728,6245,11/11/11,Jeopardy!,WHAT'S THAT ON YOUR HEAD?,"$1,000 ","The name of this head scarf is the Russian word for ""grandmother""",babushka
173209,3847,5/1/01,Jeopardy!,CONTINENTAL HIGH POINTS,$400 ,Mt. Aconcagua,South America
2855,422,4/22/86,Double Jeopardy!,THE FUNNIES,"$1,000 ","Creator of ÛÏBeetle BaileyÛ, whose name was defined in ÛÏB.C.Û as ÛÏa dead nightcrawlerÛ",Mort Walker
82615,6121,4/4/11,Jeopardy!,JEOPARDY PLATFORMS,"$1,000 ","The Kangshung Face, the North Col & the Khumu Icefall are all parts of this dangerous place",Mt. Everest
122497,4615,10/1/04,Double Jeopardy!,CALCULUS,"$1,200 ","On a graph, the derivative of a function is this, which all lines except vertical ones have",a slope
216088,6207,9/20/11,Jeopardy!,TV TITLE ROLE PLAYING,$200 ,"""Hannah Montana""",Miley Cyrus
12688,3749,12/14/00,Double Jeopardy!,AMERICAN ART,$200 ,One of the few portraits of colonial craftsmen is Copley's painting of this silversmith,Paul Revere
182990,4269,3/6/03,Jeopardy!,BRITISH ROYAL DADS,$400 ,He fathered 2 queens of England by 2 different women,Henry VIII
15247,5408,2/27/08,Double Jeopardy!,ARCTIC ANIMALS,$400 ,This large bee of the genus Bombus can range from Tierra del Fuego in South America to far beyond the Arctic Circle,the bumblebee
198500,3183,6/3/98,Jeopardy!,UP IN THE SKY!,$200 ,Over 90 nations have agreed to a total ban on CFCs by the year 2000 to protect this atmospheric layer,Ozone layer
83324,3595,3/31/00,Double Jeopardy!,"""TIC"" TALK","$1,000 ","It's a poem or verse in which certain letters, usually the first in each line, spell out a word",Acrostic
109884,3851,5/7/01,Jeopardy!,HIP HOP NATION,$500 ,"The gerboa & the kangaroo this, seen here, share identical traits, but have very different ancestors",rat
26193,2916,4/14/97,Jeopardy!,THE CIVIL WAR,$300 ,"Before his troops' charge at Gettysburg, he told them ""Don't forget today that you are from old Virginia""",George Pickett
196432,3012,10/7/97,Jeopardy!,SLOGANS,$400 ,"""Life is not a spectator sport""",Reebok
191148,3666,7/10/00,Double Jeopardy!,FUN WITH AREA CODES,$800 ,Dial this badge number of Sgt. Friday before you call a number at Disneyland,714
26491,3782,1/30/01,Jeopardy!,STATE CAPITAL NICKNAMES,$200 ,"The ""City of Paul Revere""",Boston
77788,617,4/21/87,Double Jeopardy!,LETTER PERFECT,$600 ,It's the only letter which stands for both a chess piece & a blood group,B (for Bishop)
173832,4939,2/16/06,Double Jeopardy!,SCI-FI/FANTASY HEROINES,"$1,600 ","Either of the 2 similar-sounding roles portrayed by Liv Tyler & Miranda Otto in the ""Lord of the Rings"" series",Arwen (or Eowyn)
108052,2514,7/6/95,Jeopardy!,BIBLE QUOTATIONS,$500 ,"In his sorrow this Old Testament figure said, ""The Lord gave, and the Lord hath taken away""",Job
62460,5191,3/19/07,Double Jeopardy!,ORIGINAL PRANKSTA,"$1,600 ","In 1957 the British TV show ""Panorama"" reported on a bumper crop of this pasta grown in trees",spaghetti
91750,4514,4/1/04,Double Jeopardy!,THEY REALLY SAID IT,"$1,600 ","This 30th president noted, ""When more and more people are thrown out of work, unemployment results""",Calvin Coolidge
52702,3259,11/5/98,Double Jeopardy!,LITERARY QUOTES,"$1,000 ","Hawthorne novel containing the line, ""Old Matthew Maule, in a word, was executed for the crime of witchcraft""","""The House Of The Seven Gables"""
148331,3810,3/9/01,Double Jeopardy!,TV & MOVIE ACTORS,$600 ,Eileen Brennan reprised her movie role as Captain Lewis in this sitcom based on a Goldie Hawn film,Private Benjamin
110011,4164,10/10/02,Double Jeopardy!,YOU'RE GETTING VERY SLEEPY,$400 ,"Term for a prolonged state of deep unconsciousness; it comes from the Greek for ""deep sleep""",coma
47751,6245,11/11/11,Double Jeopardy!,TERMS OF ART,"$7,400 ",Mind your this 16th c. Italian art movement that gave us long-necked Madonnas,Mannerism
1335,3632,5/23/00,Jeopardy!,LESSER-KNOWN MUSICALS,$500 ,"Shaun Cassidy was 10 years old when these actors, his parents, starred in the 1968 musical ""Maggie Flynn""",Jack Cassidy & Shirley Jones
62543,3580,3/10/00,Jeopardy!,THE CINEMA,$300 ,"She co-starred with Arnold Schwarzenegger in ""Eraser"" & sang its theme, ""Where Do We Go From Here""",Vanessa Williams
53708,4535,4/30/04,Double Jeopardy!,"""PIT""TER, ""PAT""TER",$400 ,A very small sum of money,pittance
124288,3414,6/10/99,Double Jeopardy!,OH MAYAN GODS!,"$1,000 ","We don't know how old Itzamna could have pronounced his name, as he had none of these",Teeth
212862,5679,4/23/09,Jeopardy!,ARCHAEOLOGY,$200 ,"In 1974 farmers digging for water found an army of clay warriors ""protecting"" an emperor's tomb in this country",China
60715,6184,6/30/11,Double Jeopardy!,I'M BORED!,$400 ,Invite friends over to play this game; dazzle them with your knowledge while filling in your token with little wedges,Trivial Pursuit
81411,6109,3/17/11,Jeopardy!,AVIATION,$800 ,"Among its single-engine planes are the Skycatcher, Skyhawk & Skylane",Cessna
63583,4812,7/5/05,Jeopardy!,HISTORY,"$1,000 ","The cathedral of this city in Spain claims to hold the remains of Christopher Columbus, moved there in 1899",Seville
108572,2811,11/18/96,Jeopardy!,RANKS & TITLES,$300 ,"Title for the president of a yacht club, or the rank just below a navy's rear admiral",commodore
212742,2871,2/10/97,Jeopardy!,TEACHERS,$100 ,Micki & David Colfax sent 3 sons to Harvard after teaching them exclusively in this place,At Home
81341,1230,12/29/89,Jeopardy!,1989,$300 ,Nike introduced a basketball shoe that can be inflated around this joint for better support,Ankle
95280,5834,1/14/10,Double Jeopardy!,FOOD CONFUSION,"$2,000 ","Found in the ocean, <a href=""http://www.j-archive.com/media/2010-01-14_DJ_24.jpg"" target=""_blank"">this</a> is actually an animal, though its name implies it's the fruit from a gourd family plant",a sea cucumber
143583,2959,6/12/97,Jeopardy!,RELIGION,$300 ,"On June 14, 1992 this world leader returned to the Russian Orthodox church after years as an athiest",Boris Yeltsin
86403,1837,9/8/92,Double Jeopardy!,PEOPLE,$200 ,"Kidnapped from a Detroit area restaurant in 1975, this teamster leader's disappearance is still a ""riddle""",Jimmy Hoffa
114055,3941,10/22/01,Final Jeopardy!,INTERNATIONAL COASTLINES,,It's the only country bordering the Caspian Sea that was not a member of the Soviet Union,Iran
124065,5658,3/25/09,Jeopardy!,DUMB STUFF I SAW ON THE ROAD,$400 ,"A minivan bore a ""Child in Car"" sign, an obvious ripoff of this sign from Safety 1st Corp,; C'mon, spring for the original!","""Baby on Board"""
50644,2595,12/8/95,Jeopardy!,HOLIDAYS & OBSERVANCES,$400 ,"From June to August, the ""Trail of Tears"" drama is staged near Tahlequah in this state",Oklahoma
214128,6244,11/10/11,Jeopardy!,THE 2011 EMMYS,$400 ,Guy Pearce won an acting Emmy for playing Monty in this HBO miniseries,Mildred Pierce
39386,3051,12/1/97,Jeopardy!,EVERYONE'S A CRITIC,$100 ,"As ""The Couch Critic"", Jeff Jarvis airs his views in this magazine",TV Guide
84941,1498,2/20/91,Jeopardy!,NURSERY RHYMES,$200 ,"""Cock-a-doodle-doo, my dame has lost"" one of these",Her Shoe
103538,6198,7/20/11,Jeopardy!,SYNONYMS ON THE INSIDE,$400 ,"Inside ""deceased"" is this word meaning deceased",dead (in deceased)
125549,3075,1/2/98,Jeopardy!,LANGUAGES,$300 ,About 3/4 of the people of Singapore speak this Asian language,Chinese
80788,4267,3/4/03,Double Jeopardy!,"2 ""P""s","$1,200 ",A particular personal annoyance commonly listed in high school yearbooks,pet peeve
9646,5530,9/26/08,Jeopardy!,WHAT TO WEAR,$800 ,In 2002 John Gotti was buried in a pinstripe suit of this characteristic closing type,double-breasted
16001,5346,12/3/07,Jeopardy!,COFFEE BREAK,$600 ,In the 1940s this libation was invented at what's now the Shannon Airport as a welcome drink for visitors,an Irish coffee
21647,3475,10/15/99,Double Jeopardy!,NAME THAT DAD,$800 ,Mrs. Arnold Schwarzenegger,Sargent Shriver
118488,1884,11/12/92,Double Jeopardy!,"HISTORIC ""G'' 'S",$800 ,"This 4-time British prime minister tried to abolish income taxes, but failed",William Gladstone
81877,5919,5/13/10,Jeopardy!,THE FINAL FORE,$200 ,"In 2004 this ""lefty"" birdied 5 of the last 7 holes at Augusta to win his first major championship",Mickelson
129638,4727,3/8/05,Double Jeopardy!,CAMERA WORK,"$1,600 ","If a camera captures sound too, it's this word, like Sony's Handycam",a camcorder
96596,3560,2/11/00,Double Jeopardy!,THIS OLD HAUNTED HOUSE,$800 ,"This 19th C. man's ghost appears at Loudon Cottage, once owned by the woman who sat next to him when he was shot",Abraham Lincoln
38347,3950,11/2/01,Double Jeopardy!,BEST ORIGINAL SCREENPLAY,$200 ,Herman J. Mankiewicz & Orson Welles           (1941),Citizen Kane
166921,5349,12/6/07,Double Jeopardy!,FRENCH CLASS,"$1,600 ","Literally, ""a la mode"" doesn't mean ""with ice cream"" but this 2-word phrase that's a Time Inc. fashion magazine",In style
122909,4516,4/5/04,Double Jeopardy!,"GETTING THE ""AX'",$800 ,"It's the capital of Nova Scotia, eh",Halifax
192513,6223,10/12/11,Double Jeopardy!,CENTURY OF THE CRIME,"$2,000 ",The murder of Thomas a Becket,the 12th century
174119,6046,12/20/10,Double Jeopardy!,THINGS WITH POCKETS,$400 ,It's the number of pockets on a standard pool table,six
19293,10,9/21/84,Jeopardy!,SHIPS,$400 ,Royal neighbor of the Spruce Goose,the Queen Mary
192752,5046,7/17/06,Jeopardy!,HISTORIC AMERICANS,$400 ,Carrie Chapman Catt succeeded this woman as president of the National American Woman Suffrage Association,Susan B. Anthony
42480,2861,1/27/97,Jeopardy!,WORLD CAPITALS,$100 ,This Swiss capital is the headquarters for the International Copyright Union,Bern
9945,3543,1/19/00,Jeopardy!,POLITICS & SHOW BIZ,$400 ,Artists like Gladys Knight have recorded the songs of this senior senator from Utah,Orrin Hatch
46213,4832,9/20/05,Jeopardy!,"""T"" TIME","$1,000 ","It's beef stomach lining, yum!",tripe
215996,1881,11/9/92,Double Jeopardy!,GENERAL SCIENCE,$200 ,"Using this form of electromagnetic radiation, you can cook an entire chicken in 15 minutes",Microwave
194015,4704,2/3/05,Double Jeopardy!,FASHIONABLE STORES,$400 ,This store with the Xhilaration & Mossimo brands jumped on Justin Timberlake & Christina Aguilera's tour,Target
150663,3512,12/7/99,Jeopardy!,STATE FACTS,$300 ,"(Hi, I""m Joshua Morrow from ""The Young and the Restless"")  ""North to the Future"" is the official motto of this state, my birthplace",Alaska
138560,4242,1/28/03,Double Jeopardy!,BEFORE & AFTER,"$1,600 ","""Super Freak"" singer who authored the ""Leatherstocking Tales""",Rick James Fenimore Cooper
46359,14,9/27/84,Double Jeopardy!,MAMMALS,$200 ,"Alphabetically, it's #1",the aardvark
207876,4331,6/2/03,Jeopardy!,ROCHESTER,$600 ,"9 miles east of Pontiac, the city of Rochester in this state is home to Oakland University",Michigan
142010,5155,1/26/07,Double Jeopardy!,PAINTERS & PAINTINGS,"$1,200 ","Like David, Edvard Munch did a painting called ""The Death"" of this man, but he placed him on a bed, not in a bath",Marat
61381,475,10/3/86,Double Jeopardy!,FLAGS,$400 ,"First unfurled after Hawaii's statehood, it's flown officially since 1960",50-star flag
86693,4910,1/6/06,Jeopardy!,"""B"" BOYS","$1,000 ","A Moscow cathedral is popularly named for this saint known as a ""holy fool""",St. Basil
164074,5122,12/12/06,Final Jeopardy!,CHIEF JUSTICES,,"He wrote that if a person in custody ""cannot afford an attorney, one will be appointed for him... if he so desires""",Earl Warren
188170,3604,4/13/00,Jeopardy!,THE BILL OF RIGHTS,$100 ,"The First Amendment says that this body ""shall make no law respecting an establishment of religion...""",Congress
110292,5130,12/22/06,Jeopardy!,THE LARGEST IN AREA,$600 ,"Malta, Mexico, Mongolia",Mexico
209352,2965,6/20/97,Double Jeopardy!,LETTERS & NUMBERS,"$1,000 ",This controversial drug used to end pregnancies was developed by the French company Roussel Uclaf,RU-486
203554,1376,9/3/90,Jeopardy!,FOOD,$200 ,"Consisting of puff pastry layered with custard or cream, this pastry's fit for a French emperor",a Napoleon
150626,1150,9/8/89,Double Jeopardy!,FIRST NOVELS,$400 ,"The actual title of his 1st novel is ""The Posthumous Papers of the Pickwick Club""",Charles Dickens
209662,5323,10/31/07,Jeopardy!,IT HAPPENED ON HALLOWEEN,$400 ,1926: There's no escape for this magician who dies following a rupture of his appendix,Harry Houdini
211512,3427,6/29/99,Jeopardy!,EUROPEAN MUSEUMS,$300 ,This Swiss city's Palais des Nations houses a stamp museum & the League of Nations Museum,Geneva
166125,6038,12/8/10,Jeopardy!,STATE FAIRS,"$1,000 ","F. Scott Fitzgerald's 1928 story ""A Night at the Fair"" is set at this Midwestern state's fair",Minnesota
29556,5855,2/12/10,Jeopardy!,NFL LOGOS,$600 ,A gold lightning bolt outlined in blue,San Diego Chargers
14616,5435,4/4/08,Jeopardy!,FUN ON THE MAP,$400 ,Say ahhhhhhhh! The Dalton Iceberg Tongue on this continent actually looks like a tongue,Antarctica
1252,4936,2/13/06,Jeopardy!,PIZZA TOPPINGS,$200 ,This type of hard sausage is America's favorite pizza topping,pepperoni
209546,5526,9/22/08,Jeopardy!,2008 NEWS,$600 ,"In July, leaders of Israel, Syria, Algeria, etc. met in France to launch the Union for this body of water",the Mediterranean Sea
173702,3797,2/20/01,Double Jeopardy!,GHASTLY OPERATIC DEMISES,$200 ,Herod orders his guards to crush her to death with shields (Maybe she should have stopped at 6 veils...),Salome
44161,5010,5/26/06,Jeopardy!,BABY YOU CAN MAKE MY CAR,$400 ,"It's a ""Tribute"" to the ""RX-8"" that this company is driven to succeed",Mazda
21893,5308,10/10/07,Jeopardy!,"7, 8 OR 9",$200 ,Number of Snow White's height-challenged housemates,7
155831,6216,10/3/11,Jeopardy!,FOR YOUR REFERENCE,$800 ,This word for a geographic dictionary once meant someone who writes for a newspaper,a gazetteer
181733,2015,5/14/93,Jeopardy!,LANGUAGES,$100 ,"Farsi, which is also called Persian, is spoken in this country once known as Persia",Iran
121093,3248,10/21/98,Jeopardy!,"""MAN"" TO ""MAN""",$500 ,Agreeable term for one who approves of every suggestion made by a superior,"""Yes Man"""
105997,4641,11/8/04,Double Jeopardy!,CALIFORNIA DREAMIN',$800 ,In 1848 this large migration began with a valuable discovery at Sutter's Mill,the Gold Rush
105384,3308,1/13/99,Double Jeopardy!,U.S. CITIES,"$1,000 ","The name of this city at the hub of California's San Joaquin Valley is Spanish for ""Ash Tree""",Fresno
147289,3699,10/5/00,Jeopardy!,"SECONDS, PLEASE",$400 ,"This group's second CD was a holiday special, 1998's ""Home for Christmas""",'N Sync
123427,3194,6/18/98,Jeopardy!,"WHO ""M I""?",$300 ,In 1505 I was summoned by Pope Julius II to create his tomb,Michelangelo
195476,5254,6/14/07,Jeopardy!,"THE OLD ""LINE"" STATE",$400 ,Style of armchair where you'll find me during Lakers games,recliner
92063,1197,11/14/89,Jeopardy!,WOMEN IN SPORTS,$400 ,"In 1979, Ann Meyers became the first woman to sign with a men's team in this pro sport",basketball
98165,4491,3/1/04,Double Jeopardy!,NAMES IN MEDICINE,$800 ,"Lymphomas are divided into his ""Disease"" & non-his",Hodgkin
157626,4138,9/4/02,Double Jeopardy!,MATHEMATICIANS,$400 ,He discovered the law of universal gravitation as well as a new way to calculate curves,Newton
120223,3281,12/7/98,Jeopardy!,I SAW IT IN VOGUE,$100 ,A dermatologist warns beach bunnies that these lose effectiveness in 2-4 hours,Sunscreens
185015,5176,2/26/07,Jeopardy!,THET IZN'T SPELED RITE,$200 ,"Moraine, ordain, champain",champagne
107115,2976,7/7/97,Double Jeopardy!,HAIL TO THE CHIEF,$400 ,During WWII this future president was supreme commander of the Allies in Europe,Dwight D. Eisenhower
10462,4122,7/2/02,Double Jeopardy!,A PINT OF ALEC GUINNESS,"$2,000 ","Guinness received his first Oscar nomination for this 1951 comedy about a ""Mob"" that robs a bank",The Lavender Hill Mob
94692,5221,4/30/07,Double Jeopardy!,INTRA-MURALS,"$2,000 ","The bug seen <a href=""http://www.j-archive.com/media/2007-04-30_DJ_17.jpg"" target=""_blank"">here</a> above Anubis' head is one of <a href=""http://www.j-archive.com/media/2007-04-30_DJ_17a.jpg"" target=""_blank"">these</a> beetles",a scarab
10323,3014,10/9/97,Double Jeopardy!,SPACE FLIGHT,$400 ,This country has a launch site in the Negev Desert,Israel
106713,5848,2/3/10,Double Jeopardy!,GRAPHIC NOVELS,"$1,200 ",A graphic novel by Robert Venditti & Brett Weldele was the basis for this Bruce Willis film about androids that live for users,Surrogates
61731,5006,5/22/06,Jeopardy!,MOVIE TERMS,"$1,000 ","The last shot of the day is named for this cocktail, which presumably the crew will be enjoying soon",a martini
66666,3021,10/20/97,Double Jeopardy!,SECTS,$800 ,This man who joined the Separatists in the early 1600s was re-elected Plymouth Colony governor 30 times,William Bradford
151730,3273,11/25/98,Double Jeopardy!,"CANADIAN CUISINE, EH?","$1,000 ","Aw, shucks -- Malpeque Bay oysters are a taste treat from this small island province",Prince Edward Island
35127,3771,1/15/01,Double Jeopardy!,GET TO WORK,$800 ,The manager of a hotel or the headwaiter at a restaurant often goes by this French title,Maitre d'
123370,3848,5/2/01,Jeopardy!,ODDS & ENDS,$400 ,"The barn variety of this bird doesn't give a hoot, but rather a raspy, hissing screech",owl
49474,5693,5/13/09,Double Jeopardy!,WOMEN ON MY INFINITE PLAYLIST,$800 ,"Formerly on ""Kids Incorporated"", this ""Glamorous"" woman can tell you that ""Big Girls Don't Cry""",Fergie
143341,2895,3/14/97,Jeopardy!,AUTHORS,$400 ,"Archibald MacLeish based his verse play ""J.B."" on this book of the Bible",Job
188127,277,10/1/85,Jeopardy!,BIBLICAL ZOO,$300 ,They licked the sores of Lazarus & ate the flesh of Jezebel,dogs
116115,3906,9/3/01,Jeopardy!,TRUE STORY,$400 ,"This gonzo journalist tells the ""Strange and Terrible Saga"" of flying with angels--Hell's Angels",Hunter Thompson
31413,2625,1/19/96,Jeopardy!,ASTRONOMY,$300 ,In 1504 Columbus scared the locals in Jamaica when he predicted one of these,(Lunar) Eclipse
186255,5339,11/22/07,Double Jeopardy!,SAINTS,"$1,600 ",The Pope struck a medal to celebrate the 1572 massacre of Huguenots on this saint's day,St. Bartholomew
111975,5836,1/18/10,Jeopardy!,"IT'S ALL ABOUT ""U""",$400 ,Dairy farmers say thanks for this mammary gland of bovines,udders
35721,3575,3/3/00,Double Jeopardy!,CLOTH & FABRICS,$600 ,"This soft, slightly napped cotton fabric is popular in snuggly PJs & gray suits of the '50s",Flannel
106288,3013,10/8/97,Double Jeopardy!,WILLIAM WORDSWORTH,$400 ,"During a visit to this country, he had a passionate affair, & a child, with Annette Vallon",France
195937,5064,9/21/06,Double Jeopardy!,CORPORATE NAME ETYMOLOGY,"$7,000 ","This telecommunications company's name comes from the Latin word for ""truth""",Verizon
39333,6225,10/14/11,Jeopardy!,THE PLANETS,$400 ,Around 1675 Gian Domenico Cassini observed a dark gap in this planet's main rings,Saturn
4571,5512,7/22/08,Jeopardy!,"NEBRASKA, NEW YORK OR NORTH DAKOTA",$600 ,The Oregon Trail crossed it,Nebraska
147519,6099,3/3/11,Jeopardy!,SPECIAL MONTHS,$600 ,National Craft Month & Irish-American Heritage Month,March
124763,5618,1/28/09,Double Jeopardy!,CHARACTERS IN MOVIES,"$2,000 ","Jules Winnfield, Butch Coolidge, ""The Wolf""",Pulp Fiction
66426,2351,11/21/94,Double Jeopardy!,FINANCE,$800 ,"According to Engel's Law, when the income of a household rises, the percentage spent on this decreases",Food
175965,5396,2/11/08,Jeopardy!,CLIFF NOTES,"$1,000 ",It's the alphanumeric alias for Mount Godwin-Austen,K2
55124,6058,1/5/11,Jeopardy!,THE LAST EMPEROR,$600 ,Maximilian,Mexico
147434,5240,5/25/07,Double Jeopardy!,"""P""s ON EARTH","$1,200 ",The Jones Act of 1917 granted U.S. citizenship to inhabitants of this Caribbean island,Puerto Rico
23695,5967,7/20/10,Jeopardy!,"BIG ""BROTHER""",$400 ,"A sibling by marriage, not genetics",a brother-in-law (or stepbrother)
64543,4797,6/14/05,Double Jeopardy!,GO,$400 ,The nonrigid airships seen at sporting events were used in WWII to escort convoys by looking for submarines,blimps
172341,3090,1/23/98,Double Jeopardy!,SPORTS MEDICINE,$600 ,An abrasion for scraping a hard surface is also called by the name of this fruit,strawberry
183498,1265,2/16/90,Double Jeopardy!,FROM THE LATIN,$200 ,"Your old school, literally ""Fostering Mother""",Alma Mater
23773,4663,12/8/04,Jeopardy!,WHOSE LIME IS IT ANYWAY?,"$1,000 ",The headquarters of this world famous insurance company & underwriter is on Lime Street in London,Lloyds
143174,3476,10/18/99,Double Jeopardy!,CENTRAL AMERICAN HISTORY,$200 ,"In 1823, 5 present Central American countries broke away from this nearby one",Mexico
65690,3730,11/17/00,Double Jeopardy!,BALLET,$400 ,"The comic ballet ""Offenbach in the Underworld"" features dancers in hats that look like this Parisian tower",Eiffel Tower
25540,5860,2/19/10,Jeopardy!,TO THE FAR EAST SIDE,$400 ,"20 miles east of the Yellow Sea is this South Korean city whose name means ""capital"", which is convenient",Seoul
134338,5458,5/7/08,Double Jeopardy!,OFF TO COLLEGE,"$2,000 ","After a millionaire was murdered by his valet, this Houston univ. that he endowed got to open its doors sooner",Rice
57359,5495,6/27/08,Jeopardy!,DOWN ECUADOR WAY,$800 ,In July 1822 the city of Guayaquil was the site of an historic meeting between Jose de San Martin & this liberation leader,Simon Bolivar
147650,5043,7/12/06,Jeopardy!,MOVIE CATCH PHRASES,$800 ,"1950: <a href=""http://www.j-archive.com/media/2006-07-12_J_11.mp3"">""I am big!  It's the pictures that got small""</a>",Sunset Boulevard
116147,3906,9/3/01,Double Jeopardy!,WHERE WERE YOU LAST NIGHT?,$800 ,Down in Plaka listening to bouzouki music,Athens
148009,1660,11/15/91,Jeopardy!,BUSINESS & INDUSTRY,$300 ,"Headquartered in St. Louis, it's the largest single brewing organization in the world",Anheuser-Busch
191679,4103,6/5/02,Jeopardy!,CELEBRITY WEDDINGS,$200 ,"This diva looked far from ""Puffy"" when she danced off with choreographer Cris Judd in 2001",Jennifer Lopez
126563,3791,2/12/01,Double Jeopardy!,LITERATURE,$200 ,"Polish-born Jerzy Kosinski wrote all of his novels, including ""Being There"" in this, his adopted language",English
55304,6174,6/16/11,Jeopardy!,FUN WITH ELEMENTS,$600 ,You'll find a short term for a graduate of a particular college in this abundant metallic element,aluminum
106968,5294,9/20/07,Jeopardy!,OFFICIAL STATE THINGS,$200 ,It reigns as West Virginia's official state butterfly,monarch
167236,3679,9/7/00,Jeopardy!,SCIENCE STUFF,$200 ,Ventifacts are rocks that are shaped by sand driven by this force of nature,Wind
178793,3117,3/3/98,Double Jeopardy!,WORLD HISTORY,"$1,000 ","On Feb. 12, 1912, the last emperor of this dynasty abdicated, ending more than 3,000 years of Chinese monarchy",Manchu
37804,2961,6/16/97,Jeopardy!,BUSINESS & INDUSTRY,$500 ,This firm owned by the Seagram Company is the leading seller of pasteurized orange juice,Tropicana
111731,3887,6/26/01,Jeopardy!,THE FRENCH CONNECTION,$100 ,This relative is une tante,Aunt
161838,5882,3/23/10,Double Jeopardy!,"HERE COME THE ""COP""S",$800 ,"""Feline"" imitator",copycat
43374,5998,10/13/10,Double Jeopardy!,ENTERTAINMENT WEEKLY,"$1,600 ","In 2007, Reese told ""E.W."" about her big fall movie in which her Egyptian-born husband suffers this title transfer by force",Rendition
209931,2676,4/1/96,Double Jeopardy!,COLUMNISTS,$400 ,"This Newsweek columnist is a regular commentator on ""This Week with David Brinkley""",George Will
167740,5078,10/11/06,Double Jeopardy!,EGYPTIAN HISTORY,"$1,200 ","(<a href=""http://www.j-archive.com/media/2006-10-11_DJ_08.jpg"" target=""_blank"">Sarah of the Clue Crew walks among the pyramids at Giza, Egypt.</a>)  The Egyptian period from about 2700 to 2200 B.C. is known as the Pyramid Age, or by this ancient name",the Old Kingdom
172517,6047,12/21/10,Double Jeopardy!,THE DOGS OF WAR,"$1,200 ","This colorful World War I flying ace is seen <a href=""http://www.j-archive.com/media/2010-12-21_DJ_05.jpg"" target=""_blank"">here</a> with his dog Moritz",the Red Baron
63190,967,11/15/88,Double Jeopardy!,SHAKESPEARE,"$1,000 ","The title character of this tragedy is governor of Cyprus, where much of the play is set","""Othello"""
207308,5013,5/31/06,Double Jeopardy!,ALL THAT JAZZ,$400 ,"The instrument seen <a href=""http://www.j-archive.com/media/2006-05-31_DJ_21.jpg"" target=""_blank"">here</a> was played by this swingin' bandleader who was at home with classical too",Benny Goodman
3603,4582,7/6/04,Jeopardy!,WEDDINGS,$800 ,"A Navy wedding features an arch of swords; an Army wedding, an arch of these heavy cavalry swords",sabres
